569,159,150,237,0,73,65,0,994,7985,41368,16802,1787,191,31552,231,45185,525285,217547,0,296,82697,66,73,0,1355,2632,9838,10046,3133,1141,138,212,2764,10342,0,1358,73,0,1290,73,1607,1502,0,1944,0,1557,369,2161,2257,1876,187,0,0,3892,3154,27768,73,52,0,1487,135,0,318,0,1342,441,0,0,1405,0,187,0,1640,270,1521,369,1290,955,115,135,0,1362,208,820,0,0,369,156,0,155,303,0,148,160,0,820,1668,0,283,135,1342,208,124,0,1408,419,1290,473,1382,135,1665,0,52,0,52,175,52,104,1363,Link 35
378,0,83,46,0,0,0,0,0,80,40,0,0,0,0,0,0,0,0,0,0,0,0,0,0,0,0,0,0,230,0,538,344,73,65,0,0,73,65,0,0,0,73,65,0,0,73,65,0,0,0,73,65,0,0,73,65,0,0,0,0,0,0,73,2878,2580,0,4499,410,0,125,40,0,0,0,0,0,0,73,65,0,0,0,0,0,0,0,0,0,0,0,203,0,0,0,46,295,0,0,86,0,0,0,0,0,158,46,73,65,0,68,40,1409,1290,0,4154,340,0,1260,86,remotePc
3213,129861,403309,317072,1390,2265,0,450,66,66,0,0,0,0,0,0,0,0,0,0,0,0,86,0,0,0,0,0,0,0,0,3018,150,413,0,66,159,15939,295,40,222,40,0,0,0,0,0,0,0,104,271,0,0,0,0,158,306909,10633,0,402,243,66,73,0,0,65,0,73,0,0,385,0,73,0,72,111,0,73,68,40,65,0,73,0,65,0,0,0,129,0,73,0,302,120,205,0,0,0,1040,0,0,0,0,73,0,65,0,0,0,0,0,0,123,156,0,0,0,0,0,0,Link 87
161,0,0,0,112,40,0,0,0,0,0,0,0,0,0,0,0,0,0,0,0,0,0,0,0,0,0,0,0,0,0,0,0,0,0,0,0,0,2381,205,0,958,138,0,0,0,158,0,0,0,73,0,0,65,0,0,0,73,230,0,65,0,73,65,73,0,0,138,65,0,0,73,73,65,0,65,2023,73,1428,2274,262,878,268,0,0,0,146,65,0,65,0,0,0,0,0,73,431,205,0,132,65,0,0,0,0,0,0,0,0,0,0,0,73,65,72,119,0,0,0,65,remotePc
523,245,452,159,212,66,73,875,7309,58910,380,1955,32194,537,7730,506,290,32636,49997,139,66,0,0,104,2342,0,1395,132,128070,168626,650002,478680,66,52,649,24026,18498,10538,38945,17530,47803,43234,1096,19389,10672,744,761,9303,1281,73,66,0,0,0,0,93,0,0,0,5397,5649,980,185,66,0,0,0,0,2827,499,66,160,344,0,0,0,0,0,0,0,0,723,406,66,0,0,0,133601,871787,786839,211,139,0,139,0,139,73,67,73,198468,235112,45089,140,0,0,0,0,0,140,73,66,0,0,0,0,0,0,0,0,0,Local Storage
138,0,0,0,0,86,0,0,86,0,0,138,0,0,0,922,21673,44573,263,1961,32182,8631,322977,593261,543274,82607,66,86,118,0,214,2373,975,211,66,6121,529,66,0,0,23525,4021,132,0,0,1485,27935,26207,2093,35846,12962,0,30874,8814,2878,308,0,0,0,0,0,0,0,0,0,0,0,0,0,206,86,3089,413,66,0,273,192,217,65,73,65,73,0,65,73,752,406,73,131,73,65,0,0,73,65,0,0,0,0,745,402,131,159371,326867,68,40,40,0,0,0,0,304,73,130,73,65,138,0,138,0,Link 90
74720,290057,23164,5917,24233,251,73,23215,5781,840,26395,834,170,9331,2381,1354,1221,65,66,73,0,65,129,853,406,65,146,113,0,65,75,46,71,272,73,0,203,0,73,65,0,73,65,2984,73,551,65,289,65,0,73,65,0,0,0,73,65,0,0,0,0,0,0,0,73,138,65,0,0,0,0,0,0,0,0,0,0,0,0,0,372,86,0,73,65,0,0,123,156,0,0,0,0,0,0,0,0,0,0,72,98,0,722,108,4335,0,1814,0,551,0,46,0,0,0,0,0,0,0,0,0,Link 89
523,245,452,159,212,66,73,875,7309,58910,380,1955,32194,537,7730,506,290,32636,49997,139,66,0,0,104,2342,0,1395,132,128070,168626,650002,478680,66,52,649,24026,18498,10538,38945,17530,47803,43234,1096,19389,10672,744,761,9303,1281,73,66,0,0,0,0,93,0,0,0,5397,5649,980,185,66,0,0,0,0,2827,499,66,160,344,0,0,0,0,0,0,0,0,723,406,66,0,0,0,133601,871787,786839,211,139,0,139,0,139,73,67,73,198468,235112,45089,140,0,0,0,0,0,140,73,66,0,0,0,0,0,0,0,0,0,Local Storage
1402,4681,0,0,1284,65,0,0,0,0,0,0,0,0,0,0,0,0,0,0,0,0,0,0,0,0,0,79,0,73,190,40,0,0,0,0,0,0,0,0,0,2818,2580,4353,477,0,0,0,203,0,0,46,0,233,0,0,0,0,72,46,0,0,0,68,40,0,0,0,0,0,0,0,0,0,0,0,0,0,0,0,0,0,0,0,0,0,0,0,0,0,73,0,0,106,0,0,0,0,52,0,0,0,0,0,231,0,0,114,117,0,0,73,65,0,0,73,65,0,0,0,remotePc
523,245,452,159,212,66,73,875,7309,58910,380,1955,32194,537,7730,506,290,32636,49997,139,66,0,0,104,2342,0,1395,132,128070,168626,650002,478680,66,52,649,24026,18498,10538,38945,17530,47803,43234,1096,19389,10672,744,761,9303,1281,73,66,0,0,0,0,93,0,0,0,5397,5649,980,185,66,0,0,0,0,2827,499,66,160,344,0,0,0,0,0,0,0,0,723,406,66,0,0,0,133601,871787,786839,211,139,0,139,0,139,73,67,73,198468,235112,45089,140,0,0,0,0,0,140,73,66,0,0,0,0,0,0,0,0,0,Local Storage
523,245,452,159,212,66,73,875,7309,58910,380,1955,32194,537,7730,506,290,32636,49997,139,66,0,0,104,2342,0,1395,132,128070,168626,650002,478680,66,52,649,24026,18498,10538,38945,17530,47803,43234,1096,19389,10672,744,761,9303,1281,73,66,0,0,0,0,93,0,0,0,5397,5649,980,185,66,0,0,0,0,2827,499,66,160,344,0,0,0,0,0,0,0,0,723,406,66,0,0,0,133601,871787,786839,211,139,0,139,0,139,73,67,73,198468,235112,45089,140,0,0,0,0,0,140,73,66,0,0,0,0,0,0,0,0,0,Local Storage
523,245,452,159,212,66,73,875,7309,58910,380,1955,32194,537,7730,506,290,32636,49997,139,66,0,0,104,2342,0,1395,132,128070,168626,650002,478680,66,52,649,24026,18498,10538,38945,17530,47803,43234,1096,19389,10672,744,761,9303,1281,73,66,0,0,0,0,93,0,0,0,5397,5649,980,185,66,0,0,0,0,2827,499,66,160,344,0,0,0,0,0,0,0,0,723,406,66,0,0,0,133601,871787,786839,211,139,0,139,0,139,73,67,73,198468,235112,45089,140,0,0,0,0,0,140,73,66,0,0,0,0,0,0,0,0,0,Local Storage
12102,119,2014,66,377,0,139,0,65,0,0,0,0,0,753,0,147,40,0,1757,40,0,0,0,17785,491,7555,1418,1724,13809,3025,452,1097,6915,2166,25482,1619,1995,2341,1736,979,939,13521,2809,545,29708,40,849,1440,5959,854,353,21761,0,1300,263,255,398,0,2217,1434,3437,14386,2673,740,1369,284,202,2685,46,4543,706,183,2011,287,46,0,500,86,104,499,86,642,499,86,12194,499,86,1181,407,73,14898,65,857,28630,0,574,2442,0,1497,40,0,573,2508,137,903,0,0,604,147,857,0,0,595,0,0,857,69,46,665,Link 36
1409,1290,4089,320,0,0,73,1333,1054,0,68,632,0,65,0,0,0,0,0,0,0,0,157,0,0,0,0,0,0,0,0,0,0,0,0,0,0,86,0,0,127,52,0,0,0,0,0,0,0,0,0,0,0,0,0,0,0,0,0,0,0,0,0,0,0,0,0,0,0,0,0,0,0,0,0,0,0,0,0,0,0,0,0,0,0,0,0,0,0,0,0,0,0,0,0,0,0,0,0,0,0,0,0,0,0,85,73,104,86,1043,737,65,7936,1410,2341,5313,447,65,1274,0,remotePc
650,73,0,796,283,0,65,219,66,0,0,0,73,0,65,0,0,0,0,0,0,0,0,0,0,0,0,0,0,0,0,0,0,0,0,40,86,0,41,0,0,0,52,0,0,0,0,0,0,0,0,0,0,0,0,0,82,104,0,0,0,0,0,0,0,0,0,0,0,0,0,0,0,0,41,167,46,0,0,152,0,0,0,0,0,0,52,0,0,737,0,5847,0,754,344,40,1408,1290,4028,407,0,0,1227,65,0,0,0,0,0,0,147,0,0,0,0,0,0,0,0,0,remotePc
